name,n,constructive method, constructive distance, constructive calc time, local search method, localsearch distance, localsearch time, alpha, random seed, total time, alpha type, grasp time, timeToBest grasp, iterationsToBestGrasp, meanGRASPDistance, totalIterationsGrasp
instances/medium/pcb1173.tsp,1173,Random Double-sided nearest neighbor (RDSNN),63676,0.021266,1st improv 2opt,63462,0.064014,25,1561983649,52.958624,ql,52.958623,52.958597,543,64564.589319,543
instances/medium/pcb1173.tsp,1173,Random Double-sided nearest neighbor (RDSNN),63654,0.019372,1st improv 2opt,63341,0.058686,25,1561984219,55.485103,ql,55.485102,55.485098,570,64279.673684,570
instances/medium/pcb1173.tsp,1173,Random Double-sided nearest neighbor (RDSNN),65875,0.018861,1st improv 2opt,63313,0.059319,25,1561985213,96.830155,ql,96.830155,96.830151,994,64267.597586,994
instances/medium/pcb1173.tsp,1173,Random Double-sided nearest neighbor (RDSNN),63629,0.018908,1st improv 2opt,63423,0.059753,25,1561985384,16.707012,ql,16.707010,16.706986,171,63917.649123,171
instances/medium/pcb1173.tsp,1173,Random Double-sided nearest neighbor (RDSNN),65122,0.019135,1st improv 2opt,63223,0.063735,25,1561986172,76.748016,ql,76.748014,76.748012,788,64509.011421,788
instances/medium/pcb1173.tsp,1173,Random Double-sided nearest neighbor (RDSNN),65974,0.019045,1st improv 2opt,63406,0.057445,25,1561986613,43.001721,ql,43.001719,43.001716,441,64880.814059,441
instances/medium/pcb1173.tsp,1173,Random Double-sided nearest neighbor (RDSNN),65932,0.018781,1st improv 2opt,63398,0.064807,25,1561987790,114.581404,ql,114.581402,114.581400,1177,64517.361937,1177
instances/medium/pcb1173.tsp,1173,Random Double-sided nearest neighbor (RDSNN),64094,0.019195,1st improv 2opt,63453,0.060814,25,1561988549,73.901612,ql,73.901612,73.901587,759,64547.952569,759
instances/medium/pcb1173.tsp,1173,Random Double-sided nearest neighbor (RDSNN),63540,0.020743,1st improv 2opt,63479,0.058797,25,1561989203,63.595280,ql,63.595279,63.595277,654,64157.629969,654
instances/medium/pcb1173.tsp,1173,Random Double-sided nearest neighbor (RDSNN),65042,0.019114,1st improv 2opt,63287,0.062194,25,1561989285,7.975204,ql,7.975202,7.975179,82,64998.475610,82
instances/medium/pcb1173.tsp,1173,Random Double-sided nearest neighbor (RDSNN),63780,0.019276,1st improv 2opt,63298,0.059943,25,1561989795,49.622903,ql,49.622902,49.622879,510,64566.037255,510
instances/medium/pcb1173.tsp,1173,Random Double-sided nearest neighbor (RDSNN),63481,0.019102,1st improv 2opt,63481,0.060546,25,1561991194,136.323786,ql,136.323785,136.323761,1399,64385.482487,1399
instances/medium/pcb1173.tsp,1173,Random Double-sided nearest neighbor (RDSNN),63747,0.018670,1st improv 2opt,63414,0.057518,25,1561992090,87.160735,ql,87.160734,87.160710,896,64610.319196,896
instances/medium/pcb1173.tsp,1173,Random Double-sided nearest neighbor (RDSNN),66072,0.018777,1st improv 2opt,63194,0.060250,25,1561993483,135.732925,ql,135.732923,135.732920,1393,64323.281407,1393
instances/medium/pcb1173.tsp,1173,Random Double-sided nearest neighbor (RDSNN),63658,0.018413,1st improv 2opt,63420,0.060589,25,1561994101,60.149879,ql,60.149878,60.149874,618,64488.490291,618
instances/medium/pcb1173.tsp,1173,Random Double-sided nearest neighbor (RDSNN),65587,0.019157,1st improv 2opt,63231,0.059078,25,1561994111,0.958834,ql,0.958832,0.958830,10,64587.500000,10
instances/medium/pcb1173.tsp,1173,Random Double-sided nearest neighbor (RDSNN),64312,0.018637,1st improv 2opt,63462,0.058755,25,1561994455,33.432707,ql,33.432705,33.432703,344,64667.531977,344
instances/medium/pcb1173.tsp,1173,Random Double-sided nearest neighbor (RDSNN),63528,0.019246,1st improv 2opt,63469,0.057488,25,1561994820,35.542057,ql,35.542056,35.542032,365,63946.684932,365
instances/medium/pcb1173.tsp,1173,Random Double-sided nearest neighbor (RDSNN),63709,0.019793,1st improv 2opt,63108,0.061726,25,1561995726,88.244395,ql,88.244393,88.244391,906,64333.630243,906
instances/medium/pcb1173.tsp,1173,Random Double-sided nearest neighbor (RDSNN),63715,0.018833,1st improv 2opt,63444,0.060003,25,1561996017,28.249398,ql,28.249396,28.249373,291,64226.673540,291
instances/medium/pcb1173.tsp,1173,Random Double-sided nearest neighbor (RDSNN),63549,0.018896,1st improv 2opt,63255,0.058814,25,1561996032,1.458738,ql,1.458738,1.458734,15,64756.866667,15
instances/medium/pcb1173.tsp,1173,Random Double-sided nearest neighbor (RDSNN),63564,0.019288,1st improv 2opt,63468,0.061673,25,1561996805,75.449305,ql,75.449304,75.449279,773,64277.082794,773
instances/medium/pcb1173.tsp,1173,Random Double-sided nearest neighbor (RDSNN),63615,0.019155,1st improv 2opt,63052,0.056843,25,1561997353,53.308314,ql,53.308312,53.308299,548,64633.031022,548
instances/medium/pcb1173.tsp,1173,Random Double-sided nearest neighbor (RDSNN),65206,0.018779,1st improv 2opt,62894,0.058045,25,1561997355,0.173527,ql,0.173527,0.173524,2,64027.000000,2
instances/medium/pcb1173.tsp,1173,Random Double-sided nearest neighbor (RDSNN),63695,0.018800,1st improv 2opt,63642,0.058442,25,1561998894,150.053667,ql,150.053666,128.574050,1318,64451.063678,1539
instances/medium/pcb1173.tsp,1173,Random Double-sided nearest neighbor (RDSNN),63693,0.019313,1st improv 2opt,63395,0.060617,25,1561999262,35.771571,ql,35.771570,35.771566,368,64418.366848,368
instances/medium/pcb1173.tsp,1173,Random Double-sided nearest neighbor (RDSNN),63708,0.020450,1st improv 2opt,63364,0.059514,25,1561999266,0.373820,ql,0.373819,0.373816,4,64289.750000,4
instances/medium/pcb1173.tsp,1173,Random Double-sided nearest neighbor (RDSNN),63895,0.019056,1st improv 2opt,63293,0.061450,25,1562000062,77.446611,ql,77.446599,77.446597,796,64405.782663,796
instances/medium/pcb1173.tsp,1173,Random Double-sided nearest neighbor (RDSNN),63726,0.019009,1st improv 2opt,63478,0.073522,25,1562001247,115.767890,ql,115.767888,115.767864,1185,64477.886920,1185
instances/medium/pcb1173.tsp,1173,Random Double-sided nearest neighbor (RDSNN),65361,0.019057,1st improv 2opt,63336,0.057004,25,1562002405,112.828170,ql,112.828168,112.828166,1158,64305.726252,1158
instances/medium/pcb1173.tsp,1173,Random Double-sided nearest neighbor (RDSNN),63548,0.019038,1st improv 2opt,63005,0.055812,25,1562003149,72.504659,ql,72.504657,72.504635,744,64280.256720,744
instances/medium/pcb1173.tsp,1173,Random Double-sided nearest neighbor (RDSNN),65315,0.019032,1st improv 2opt,63394,0.059103,25,1562003674,51.499953,ql,51.499952,51.499950,525,64537.135238,525
instances/medium/pcb1173.tsp,1173,Random Double-sided nearest neighbor (RDSNN),63527,0.019459,1st improv 2opt,63486,0.055518,25,1562004202,51.341699,ql,51.341697,51.341673,528,64466.373106,528
instances/medium/pcb1173.tsp,1173,Random Double-sided nearest neighbor (RDSNN),63549,0.018893,1st improv 2opt,63514,0.058632,25,1562005741,150.012723,ql,150.012722,28.717871,295,64332.528265,1539
instances/medium/pcb1173.tsp,1173,Random Double-sided nearest neighbor (RDSNN),63618,0.019394,1st improv 2opt,63430,0.060038,25,1562006558,79.454964,ql,79.454963,79.454947,817,64332.285190,817
instances/medium/pcb1173.tsp,1173,Random Double-sided nearest neighbor (RDSNN),63521,0.018592,1st improv 2opt,63480,0.058268,25,1562006765,20.116216,ql,20.116215,20.116200,207,64532.415459,207
instances/medium/pcb1173.tsp,1173,Random Double-sided nearest neighbor (RDSNN),65559,0.018433,1st improv 2opt,63400,0.056525,25,1562007400,61.840193,ql,61.840192,61.840190,635,64409.900787,635
instances/medium/pcb1173.tsp,1173,Random Double-sided nearest neighbor (RDSNN),63525,0.019038,1st improv 2opt,63464,0.060955,25,1562008218,79.627211,ql,79.627210,79.627187,818,64343.968215,818
instances/medium/pcb1173.tsp,1173,Random Double-sided nearest neighbor (RDSNN),63634,0.018874,1st improv 2opt,63437,0.072041,25,1562009592,134.338115,ql,134.338115,134.338112,1374,64672.978894,1374
instances/medium/pcb1173.tsp,1173,Random Double-sided nearest neighbor (RDSNN),63564,0.018523,1st improv 2opt,63263,0.060807,25,1562010309,69.926555,ql,69.926554,69.926533,717,64593.400279,717
instances/medium/pcb1173.tsp,1173,Random Double-sided nearest neighbor (RDSNN),63521,0.018807,1st improv 2opt,63138,0.058498,25,1562010642,32.417902,ql,32.417902,32.417878,333,64551.735736,333
instances/medium/pcb1173.tsp,1173,Random Double-sided nearest neighbor (RDSNN),63541,0.018495,1st improv 2opt,63282,0.058311,25,1562010654,1.159230,ql,1.159229,1.159226,12,64943.500000,12
instances/medium/pcb1173.tsp,1173,Random Double-sided nearest neighbor (RDSNN),63738,0.019165,1st improv 2opt,63483,0.058867,25,1562011881,119.483604,ql,119.483603,119.483599,1227,64531.663407,1227
instances/medium/pcb1173.tsp,1173,Random Double-sided nearest neighbor (RDSNN),63627,0.020164,1st improv 2opt,63472,0.057348,25,1562011949,6.588173,ql,6.588171,6.588149,68,65256.514706,68
instances/medium/pcb1173.tsp,1173,Random Double-sided nearest neighbor (RDSNN),63495,0.019027,1st improv 2opt,63485,0.057810,25,1562012094,14.109760,ql,14.109759,14.109734,145,63646.489655,145
instances/medium/pcb1173.tsp,1173,Random Double-sided nearest neighbor (RDSNN),65961,0.018676,1st improv 2opt,63233,0.062579,25,1562012635,52.590410,ql,52.590408,52.590386,541,64504.957486,541
instances/medium/pcb1173.tsp,1173,Random Double-sided nearest neighbor (RDSNN),63631,0.019140,1st improv 2opt,63506,0.060344,25,1562014179,150.065299,ql,150.065297,143.465443,1476,64401.193005,1544
instances/medium/pcb1173.tsp,1173,Random Double-sided nearest neighbor (RDSNN),63814,0.018643,1st improv 2opt,63317,0.057650,25,1562014553,36.367589,ql,36.367588,36.367584,374,64420.339572,374
instances/medium/pcb1173.tsp,1173,Random Double-sided nearest neighbor (RDSNN),63527,0.018629,1st improv 2opt,63473,0.060223,25,1562015751,116.813819,ql,116.813817,116.813792,1198,64387.235392,1198
instances/medium/pcb1173.tsp,1173,Random Double-sided nearest neighbor (RDSNN),63556,0.019258,1st improv 2opt,63370,0.067706,25,1562016082,32.227303,ql,32.227302,32.227277,331,63900.498489,331
instances/medium/pcb1173.tsp,1173,Random Double-sided nearest neighbor (RDSNN),63853,0.021981,1st improv 2opt,63511,0.062391,25,1562017622,150.092261,ql,150.092259,91.276341,936,64504.458442,1540
instances/medium/pcb1173.tsp,1173,Random Double-sided nearest neighbor (RDSNN),63655,0.018814,1st improv 2opt,63631,0.055996,25,1562019162,150.036084,ql,150.036083,84.073826,863,64359.923377,1540
instances/medium/pcb1173.tsp,1173,Random Double-sided nearest neighbor (RDSNN),63536,0.018723,1st improv 2opt,63477,0.059040,25,1562019821,64.272961,ql,64.272959,64.272934,659,64461.361153,659
instances/medium/pcb1173.tsp,1173,Random Double-sided nearest neighbor (RDSNN),63880,0.019224,1st improv 2opt,63305,0.059698,25,1562020450,61.335211,ql,61.335209,61.335205,629,64468.096979,629
instances/medium/pcb1173.tsp,1173,Random Double-sided nearest neighbor (RDSNN),63552,0.019316,1st improv 2opt,63480,0.062711,25,1562021721,123.828617,ql,123.828615,123.828592,1271,64528.612903,1271
instances/medium/pcb1173.tsp,1173,Random Double-sided nearest neighbor (RDSNN),63951,0.019117,1st improv 2opt,63477,0.057948,25,1562022892,113.980941,ql,113.980940,113.980916,1171,64670.474808,1171
instances/medium/pcb1173.tsp,1173,Random Double-sided nearest neighbor (RDSNN),63546,0.018632,1st improv 2opt,63432,0.059359,25,1562023235,33.408756,ql,33.408755,33.408730,343,64466.909621,343
instances/medium/pcb1173.tsp,1173,Random Double-sided nearest neighbor (RDSNN),63627,0.018838,1st improv 2opt,63469,0.060105,25,1562023830,57.948880,ql,57.948879,57.948854,595,64088.472269,595
instances/medium/pcb1173.tsp,1173,Random Double-sided nearest neighbor (RDSNN),63682,0.019176,1st improv 2opt,63569,0.061427,25,1562025370,150.012084,ql,150.012084,142.586503,1464,64549.257792,1540
instances/medium/pcb1173.tsp,1173,Random Double-sided nearest neighbor (RDSNN),63556,0.018643,1st improv 2opt,63451,0.059755,25,1562025888,50.633991,ql,50.633991,50.633963,518,64035.083012,518
instances/medium/pcb1173.tsp,1173,Random Double-sided nearest neighbor (RDSNN),63669,0.019171,1st improv 2opt,63472,0.059355,25,1562026301,40.352086,ql,40.352085,40.352059,413,63963.711864,413
instances/medium/pcb1173.tsp,1173,Random Double-sided nearest neighbor (RDSNN),63698,0.018855,1st improv 2opt,63425,0.057897,25,1562026841,52.741356,ql,52.741355,52.741338,540,64684.007407,540
instances/medium/pcb1173.tsp,1173,Random Double-sided nearest neighbor (RDSNN),63670,0.019164,1st improv 2opt,63371,0.058940,25,1562027462,60.797995,ql,60.797994,60.797970,621,63962.859903,621
instances/medium/pcb1173.tsp,1173,Random Double-sided nearest neighbor (RDSNN),63829,0.018851,1st improv 2opt,63456,0.071451,25,1562027513,5.053046,ql,5.053045,5.053021,51,64721.705882,51
instances/medium/pcb1173.tsp,1173,Random Double-sided nearest neighbor (RDSNN),63513,0.019121,1st improv 2opt,63482,0.063615,25,1562027954,43.007287,ql,43.007285,43.007263,441,63982.192744,441
instances/medium/pcb1173.tsp,1173,Random Double-sided nearest neighbor (RDSNN),65283,0.020298,1st improv 2opt,63155,0.063326,25,1562028367,40.162028,ql,40.162027,40.162005,413,64585.806295,413
instances/medium/pcb1173.tsp,1173,Random Double-sided nearest neighbor (RDSNN),63681,0.018851,1st improv 2opt,63622,0.059575,25,1562029908,150.006968,ql,150.006967,91.606932,942,64435.031149,1541
instances/medium/pcb1173.tsp,1173,Random Double-sided nearest neighbor (RDSNN),65599,0.018962,1st improv 2opt,63281,0.058478,25,1562030211,29.514783,ql,29.514781,29.514766,303,64613.323432,303
instances/medium/pcb1173.tsp,1173,Random Double-sided nearest neighbor (RDSNN),66563,0.018736,1st improv 2opt,63347,0.062702,25,1562030492,27.316435,ql,27.316433,27.316411,281,64292.896797,281
instances/medium/pcb1173.tsp,1173,Random Double-sided nearest neighbor (RDSNN),63694,0.020316,1st improv 2opt,63397,0.058679,25,1562031487,96.790805,ql,96.790804,96.790801,995,64619.401005,995
instances/medium/pcb1173.tsp,1173,Random Double-sided nearest neighbor (RDSNN),65119,0.019230,1st improv 2opt,63154,0.060864,25,1562031799,30.419234,ql,30.419233,30.419230,312,64263.605769,312
instances/medium/pcb1173.tsp,1173,Random Double-sided nearest neighbor (RDSNN),63760,0.019306,1st improv 2opt,63386,0.057942,25,1562032298,48.576799,ql,48.576799,48.576771,499,64387.336673,499
instances/medium/pcb1173.tsp,1173,Random Double-sided nearest neighbor (RDSNN),66437,0.019177,1st improv 2opt,63440,0.062293,25,1562032946,63.189067,ql,63.189066,63.189062,648,64363.461420,648
instances/medium/pcb1173.tsp,1173,Random Double-sided nearest neighbor (RDSNN),63610,0.019044,1st improv 2opt,63440,0.057691,25,1562033421,46.227562,ql,46.227562,46.227533,475,64037.387368,475
instances/medium/pcb1173.tsp,1173,Random Double-sided nearest neighbor (RDSNN),63554,0.018793,1st improv 2opt,63475,0.058438,25,1562033678,25.019857,ql,25.019855,25.019831,257,63825.245136,257
instances/medium/pcb1173.tsp,1173,Random Double-sided nearest neighbor (RDSNN),63627,0.018962,1st improv 2opt,63451,0.057221,25,1562035060,134.737760,ql,134.737760,134.737739,1382,64433.481910,1382
instances/medium/pcb1173.tsp,1173,Random Double-sided nearest neighbor (RDSNN),63613,0.019036,1st improv 2opt,63417,0.058698,25,1562036221,113.190969,ql,113.190967,113.190942,1161,64240.713178,1161
instances/medium/pcb1173.tsp,1173,Random Double-sided nearest neighbor (RDSNN),63761,0.020654,1st improv 2opt,63421,0.060310,25,1562037373,112.195956,ql,112.195955,112.195930,1152,64392.191840,1152
instances/medium/pcb1173.tsp,1173,Random Double-sided nearest neighbor (RDSNN),63599,0.019079,1st improv 2opt,63480,0.061629,25,1562037510,13.352769,ql,13.352767,13.352743,137,64263.569343,137
instances/medium/pcb1173.tsp,1173,Random Double-sided nearest neighbor (RDSNN),64964,0.019111,1st improv 2opt,62993,0.059034,25,1562038835,129.193546,ql,129.193545,129.193542,1325,64743.950943,1325
instances/medium/pcb1173.tsp,1173,Random Double-sided nearest neighbor (RDSNN),63593,0.019354,1st improv 2opt,63374,0.060015,25,1562039074,23.306800,ql,23.306800,23.306775,239,64004.744770,239
instances/medium/pcb1173.tsp,1173,Random Double-sided nearest neighbor (RDSNN),63889,0.019830,1st improv 2opt,63405,0.060889,25,1562040350,124.063175,ql,124.063174,124.063170,1276,64698.591693,1276
instances/medium/pcb1173.tsp,1173,Random Double-sided nearest neighbor (RDSNN),66060,0.019019,1st improv 2opt,63161,0.061251,25,1562041742,136.129816,ql,136.129814,136.129800,1392,64482.487069,1392
instances/medium/pcb1173.tsp,1173,Random Double-sided nearest neighbor (RDSNN),63690,0.019169,1st improv 2opt,63148,0.060009,25,1562043189,140.860052,ql,140.860051,140.860047,1447,64595.023497,1447
instances/medium/pcb1173.tsp,1173,Random Double-sided nearest neighbor (RDSNN),63699,0.024913,1st improv 2opt,63455,0.093323,25,1562043880,70.693567,ql,70.693565,70.693532,691,64128.384949,691
instances/medium/pcb1173.tsp,1173,Random Double-sided nearest neighbor (RDSNN),63547,0.019472,1st improv 2opt,63444,0.063407,25,1562045094,119.396956,ql,119.396954,119.396933,1214,64408.267710,1214
instances/medium/pcb1173.tsp,1173,Random Double-sided nearest neighbor (RDSNN),63730,0.019115,1st improv 2opt,63475,0.060397,25,1562045500,41.110383,ql,41.110383,41.110358,406,64201.529557,406
instances/medium/pcb1173.tsp,1173,Random Double-sided nearest neighbor (RDSNN),64890,0.019537,1st improv 2opt,62775,0.058964,25,1562045544,4.287119,ql,4.287118,4.287099,44,64941.045455,44
instances/medium/pcb1173.tsp,1173,Random Double-sided nearest neighbor (RDSNN),63979,0.019800,1st improv 2opt,63390,0.059139,25,1562046204,65.086026,ql,65.086025,65.086022,660,64620.603030,660
instances/medium/pcb1173.tsp,1173,Random Double-sided nearest neighbor (RDSNN),65929,0.019224,1st improv 2opt,63461,0.070588,25,1562046847,65.062417,ql,65.062416,65.062399,643,64479.772939,643
instances/medium/pcb1173.tsp,1173,Random Double-sided nearest neighbor (RDSNN),63530,0.019447,1st improv 2opt,63400,0.063952,25,1562046888,4.142993,ql,4.142991,4.142968,41,65319.317073,41
instances/medium/pcb1173.tsp,1173,Random Double-sided nearest neighbor (RDSNN),64908,0.018922,1st improv 2opt,63296,0.064514,25,1562047912,103.349168,ql,103.349166,103.349163,1024,64266.628906,1024
instances/medium/pcb1173.tsp,1173,Random Double-sided nearest neighbor (RDSNN),63986,0.020093,1st improv 2opt,63446,0.061238,25,1562048288,37.394069,ql,37.394067,37.394065,376,64572.656915,376
instances/medium/pcb1173.tsp,1173,Random Double-sided nearest neighbor (RDSNN),64018,0.019522,1st improv 2opt,63358,0.062627,25,1562048610,31.753099,ql,31.753098,31.753077,322,64399.925466,322
instances/medium/pcb1173.tsp,1173,Random Double-sided nearest neighbor (RDSNN),63610,0.020354,1st improv 2opt,63459,0.059963,25,1562049717,111.449246,ql,111.449244,111.449221,1107,64186.473351,1107
instances/medium/pcb1173.tsp,1173,Random Double-sided nearest neighbor (RDSNN),63569,0.019205,1st improv 2opt,63386,0.059577,25,1562050004,29.520583,ql,29.520582,29.520557,287,64164.724739,287
instances/medium/pcb1173.tsp,1173,Random Double-sided nearest neighbor (RDSNN),63725,0.018727,1st improv 2opt,63456,0.060937,25,1562050726,75.178238,ql,75.178237,75.178233,722,64164.270083,722
instances/medium/pcb1173.tsp,1173,Random Double-sided nearest neighbor (RDSNN),63753,0.018628,1st improv 2opt,63677,0.061595,25,1562052224,150.018589,ql,150.018588,110.492354,1107,64409.271028,1498
instances/medium/pcb1173.tsp,1173,Random Double-sided nearest neighbor (RDSNN),63690,0.020163,1st improv 2opt,63450,0.062655,25,1562052748,52.626007,ql,52.626006,52.625982,524,64388.526718,524
instances/medium/pcb1173.tsp,1173,Random Double-sided nearest neighbor (RDSNN),64364,0.019468,1st improv 2opt,63612,0.060652,25,1562054239,150.004019,ql,150.004018,104.562057,1042,64510.612341,1491
instances/medium/pcb1173.tsp,1173,Random Double-sided nearest neighbor (RDSNN),63644,0.019227,1st improv 2opt,63484,0.063131,25,1562054751,51.013703,ql,51.013701,51.013680,512,64070.902344,512
instances/medium/pcb1173.tsp,1173,Random Double-sided nearest neighbor (RDSNN),63725,0.019289,1st improv 2opt,63526,0.071974,25,1562056249,150.091308,ql,150.091307,137.510863,1372,64137.934579,1498
instances/medium/pcb1173.tsp,1173,Random Double-sided nearest neighbor (RDSNN),63753,0.020884,1st improv 2opt,63478,0.066178,25,1562057267,102.649650,ql,102.649649,102.649646,1018,64680.957760,1018
instances/medium/pcb1173.tsp,1173,Random Double-sided nearest neighbor (RDSNN),63512,0.019125,1st improv 2opt,63483,0.064534,25,1562057521,26.201170,ql,26.201168,26.201146,254,64441.968504,254
instances/medium/pcb1173.tsp,1173,Random Double-sided nearest neighbor (RDSNN),63630,0.019414,1st improv 2opt,63482,0.060336,25,1562057853,33.751145,ql,33.751144,33.751140,332,64649.771084,332
instances/medium/pcb1173.tsp,1173,Random Double-sided nearest neighbor (RDSNN),63595,0.019640,1st improv 2opt,63399,0.062820,25,1562058262,41.136318,ql,41.136318,41.136294,409,64232.100244,409
instances/medium/pcb1173.tsp,1173,Random Double-sided nearest neighbor (RDSNN),63476,0.020506,1st improv 2opt,63476,0.062711,25,1562058713,45.375740,ql,45.375738,45.375715,451,63893.638581,451
instances/medium/pcb1173.tsp,1173,Random Double-sided nearest neighbor (RDSNN),63665,0.018895,1st improv 2opt,63588,0.062201,25,1562060209,150.062597,ql,150.062595,99.844226,997,64204.223930,1496
instances/medium/pcb1173.tsp,1173,Random Double-sided nearest neighbor (RDSNN),64161,0.019270,1st improv 2opt,63790,0.062610,25,1562061703,150.035095,ql,150.035093,61.498149,611,64687.258367,1494
instances/medium/pcb1173.tsp,1173,Random Double-sided nearest neighbor (RDSNN),66457,0.019881,1st improv 2opt,63433,0.061331,25,1562061848,14.449823,ql,14.449822,14.449819,145,64245.234483,145
instances/medium/pcb1173.tsp,1173,Random Double-sided nearest neighbor (RDSNN),63589,0.019850,1st improv 2opt,63352,0.061682,25,1562062747,90.265893,ql,90.265891,90.265869,899,64633.620690,899
instances/medium/pcb1173.tsp,1173,Random Double-sided nearest neighbor (RDSNN),63569,0.019243,1st improv 2opt,63364,0.061740,25,1562062788,4.096941,ql,4.096939,4.096927,41,64190.951220,41
instances/medium/pcb1173.tsp,1173,Random Double-sided nearest neighbor (RDSNN),63872,0.019829,1st improv 2opt,63425,0.061560,25,1562062919,13.031892,ql,13.031892,13.031869,131,64887.854962,131
instances/medium/pcb1173.tsp,1173,Random Double-sided nearest neighbor (RDSNN),63632,0.019553,1st improv 2opt,63482,0.059733,25,1562063923,100.311805,ql,100.311803,100.311799,1004,64274.870518,1004
instances/medium/pcb1173.tsp,1173,Random Double-sided nearest neighbor (RDSNN),65234,0.019275,1st improv 2opt,63437,0.062620,25,1562063946,2.283410,ql,2.283408,2.283405,23,65641.826087,23
instances/medium/pcb1173.tsp,1173,Random Double-sided nearest neighbor (RDSNN),63576,0.018891,1st improv 2opt,63475,0.060227,25,1562065355,141.089153,ql,141.089152,141.089128,1409,64517.977999,1409
instances/medium/pcb1173.tsp,1173,Random Double-sided nearest neighbor (RDSNN),63646,0.018916,1st improv 2opt,63364,0.062986,25,1562065423,6.661524,ql,6.661523,6.661501,68,65142.617647,68
instances/medium/pcb1173.tsp,1173,Random Double-sided nearest neighbor (RDSNN),65934,0.020149,1st improv 2opt,63275,0.064196,25,1562066079,67.072290,ql,67.072288,67.072286,656,64555.602134,656
instances/medium/pcb1173.tsp,1173,Random Double-sided nearest neighbor (RDSNN),63679,0.019423,1st improv 2opt,63395,0.060567,25,1562066685,63.943251,ql,63.943250,63.943229,606,64425.333333,606
instances/medium/pcb1173.tsp,1173,Random Double-sided nearest neighbor (RDSNN),63663,0.022379,1st improv 2opt,63488,0.059950,25,1562068148,150.087587,ql,150.087585,103.134072,988,64642.155844,1463
instances/medium/pcb1173.tsp,1173,Random Double-sided nearest neighbor (RDSNN),63557,0.019698,1st improv 2opt,63376,0.060527,25,1562068665,51.112695,ql,51.112694,51.112670,517,64075.429400,517
instances/medium/pcb1173.tsp,1173,Random Double-sided nearest neighbor (RDSNN),65682,0.019219,1st improv 2opt,63429,0.067105,25,1562069884,120.528258,ql,120.528256,120.528254,1219,64472.812141,1219
instances/medium/pcb1173.tsp,1173,Random Double-sided nearest neighbor (RDSNN),65453,0.019381,1st improv 2opt,62918,0.058709,25,1562070888,99.191392,ql,99.191391,99.191370,1004,64430.015936,1004
instances/medium/pcb1173.tsp,1173,Random Double-sided nearest neighbor (RDSNN),63758,0.019185,1st improv 2opt,63190,0.059049,25,1562071561,66.392028,ql,66.392028,66.392024,673,64424.739970,673
instances/medium/pcb1173.tsp,1173,Random Double-sided nearest neighbor (RDSNN),63531,0.019156,1st improv 2opt,63459,0.062625,25,1562072065,49.699435,ql,49.699433,49.699411,504,64079.843254,504
instances/medium/pcb1173.tsp,1173,Random Double-sided nearest neighbor (RDSNN),63707,0.019494,1st improv 2opt,63281,0.060629,25,1562072081,1.551146,ql,1.551146,1.551142,16,64950.187500,16
instances/medium/pcb1173.tsp,1173,Random Double-sided nearest neighbor (RDSNN),63640,0.019644,1st improv 2opt,63530,0.061566,25,1562073602,150.100467,ql,150.100465,57.626926,584,64551.135437,1521
instances/medium/pcb1173.tsp,1173,Random Double-sided nearest neighbor (RDSNN),65687,0.019439,1st improv 2opt,63353,0.059980,25,1562073632,2.952077,ql,2.952075,2.952053,30,64480.333333,30
instances/medium/pcb1173.tsp,1173,Random Double-sided nearest neighbor (RDSNN),63687,0.019114,1st improv 2opt,62938,0.058017,25,1562074301,65.940649,ql,65.940638,65.940635,669,64247.710015,669
instances/medium/pcb1173.tsp,1173,Random Double-sided nearest neighbor (RDSNN),63702,0.019414,1st improv 2opt,63437,0.059490,25,1562074993,68.351305,ql,68.351304,68.351280,692,64266.894509,692
instances/medium/pcb1173.tsp,1173,Random Double-sided nearest neighbor (RDSNN),66258,0.019095,1st improv 2opt,63453,0.060121,25,1562076338,132.530123,ql,132.530121,132.530119,1345,64552.907063,1345
instances/medium/pcb1173.tsp,1173,Random Double-sided nearest neighbor (RDSNN),64078,0.019381,1st improv 2opt,63420,0.062301,25,1562076751,40.780410,ql,40.780409,40.780406,413,64566.445521,413
instances/medium/pcb1173.tsp,1173,Random Double-sided nearest neighbor (RDSNN),63837,0.019445,1st improv 2opt,63749,0.059789,25,1562078271,150.013602,ql,150.013601,137.985408,1398,64561.720395,1520
instances/medium/pcb1173.tsp,1173,Random Double-sided nearest neighbor (RDSNN),63888,0.019606,1st improv 2opt,63290,0.060167,25,1562078541,26.629419,ql,26.629419,26.629394,270,64308.903704,270
instances/medium/pcb1173.tsp,1173,Random Double-sided nearest neighbor (RDSNN),63522,0.019590,1st improv 2opt,63464,0.060709,25,1562078564,2.251753,ql,2.251751,2.251739,23,64692.434783,23
instances/medium/pcb1173.tsp,1173,Random Double-sided nearest neighbor (RDSNN),63921,0.019332,1st improv 2opt,63469,0.060566,25,1562079396,82.030633,ql,82.030632,82.030629,832,64428.512019,832
instances/medium/pcb1173.tsp,1173,Random Double-sided nearest neighbor (RDSNN),65079,0.018989,1st improv 2opt,63006,0.060212,25,1562080581,117.225122,ql,117.225121,117.225098,1185,64487.691139,1185
instances/medium/pcb1173.tsp,1173,Random Double-sided nearest neighbor (RDSNN),63638,0.019651,1st improv 2opt,63458,0.065226,25,1562081946,135.221731,ql,135.221730,135.221706,1365,64241.823443,1365
instances/medium/pcb1173.tsp,1173,Random Double-sided nearest neighbor (RDSNN),63550,0.019451,1st improv 2opt,63486,0.063248,25,1562082009,6.253228,ql,6.253228,6.253204,63,64993.634921,63
instances/medium/pcb1173.tsp,1173,Random Double-sided nearest neighbor (RDSNN),63874,0.019315,1st improv 2opt,63191,0.063715,25,1562082990,97.328374,ql,97.328373,97.328350,981,64557.251784,981
instances/medium/pcb1173.tsp,1173,Random Double-sided nearest neighbor (RDSNN),63555,0.019042,1st improv 2opt,63485,0.060556,25,1562084113,110.996777,ql,110.996776,110.996752,1123,64349.589492,1123
instances/medium/pcb1173.tsp,1173,Random Double-sided nearest neighbor (RDSNN),63931,0.019532,1st improv 2opt,63470,0.059448,25,1562084278,16.275550,ql,16.275549,16.275525,165,64184.866667,165
instances/medium/pcb1173.tsp,1173,Random Double-sided nearest neighbor (RDSNN),64051,0.019243,1st improv 2opt,63445,0.059952,25,1562084288,0.974151,ql,0.974149,0.974147,10,64314.300000,10
instances/medium/pcb1173.tsp,1173,Random Double-sided nearest neighbor (RDSNN),65877,0.019421,1st improv 2opt,63458,0.061637,25,1562084835,54.085226,ql,54.085224,54.085208,547,64320.574040,547
instances/medium/pcb1173.tsp,1173,Random Double-sided nearest neighbor (RDSNN),63690,0.019267,1st improv 2opt,62951,0.060536,25,1562086310,145.805091,ql,145.805090,145.805086,1475,64264.114576,1475
instances/medium/pcb1173.tsp,1173,Random Double-sided nearest neighbor (RDSNN),65793,0.019390,1st improv 2opt,63357,0.059241,25,1562086425,11.333175,ql,11.333173,11.333169,115,64491.617391,115
instances/medium/pcb1173.tsp,1173,Random Double-sided nearest neighbor (RDSNN),65167,0.019315,1st improv 2opt,63424,0.060280,25,1562087734,129.186331,ql,129.186320,129.186315,1309,64450.692895,1309
instances/medium/pcb1173.tsp,1173,Random Double-sided nearest neighbor (RDSNN),63840,0.019174,1st improv 2opt,63461,0.058944,25,1562088395,65.194278,ql,65.194278,65.194274,661,64154.515885,661
instances/medium/pcb1173.tsp,1173,Random Double-sided nearest neighbor (RDSNN),64733,0.019300,1st improv 2opt,63179,0.061134,25,1562088896,49.391816,ql,49.391814,49.391812,501,64529.097804,501
instances/medium/pcb1173.tsp,1173,Random Double-sided nearest neighbor (RDSNN),63532,0.019288,1st improv 2opt,63388,0.064187,25,1562089188,28.741039,ql,28.741039,28.741034,292,64788.027397,292
instances/medium/pcb1173.tsp,1173,Random Double-sided nearest neighbor (RDSNN),63784,0.019441,1st improv 2opt,63702,0.060362,25,1562090708,150.082512,ql,150.082512,80.199671,813,64475.717763,1520
instances/medium/pcb1173.tsp,1173,Random Double-sided nearest neighbor (RDSNN),63905,0.019431,1st improv 2opt,63666,0.061393,25,1562092228,150.059922,ql,150.059921,87.167846,883,64382.867763,1520
instances/medium/pcb1173.tsp,1173,Random Double-sided nearest neighbor (RDSNN),63577,0.019354,1st improv 2opt,63462,0.059367,25,1562092622,38.957503,ql,38.957501,38.957477,394,64627.266497,394
instances/medium/pcb1173.tsp,1173,Random Double-sided nearest neighbor (RDSNN),63990,0.020499,1st improv 2opt,63389,0.061681,25,1562092626,0.383079,ql,0.383079,0.383076,4,65076.250000,4
instances/medium/pcb1173.tsp,1173,Random Double-sided nearest neighbor (RDSNN),63500,0.019151,1st improv 2opt,63485,0.062276,25,1562092961,33.072449,ql,33.072447,33.072425,335,64730.310448,335
instances/medium/pcb1173.tsp,1173,Random Double-sided nearest neighbor (RDSNN),63660,0.019474,1st improv 2opt,63481,0.061334,25,1562093964,99.124896,ql,99.124894,99.124870,1003,64242.554337,1003
instances/medium/pcb1173.tsp,1173,Random Double-sided nearest neighbor (RDSNN),65317,0.019319,1st improv 2opt,63222,0.062450,25,1562094592,61.921995,ql,61.921994,61.921970,628,64257.200637,628
instances/medium/pcb1173.tsp,1173,Random Double-sided nearest neighbor (RDSNN),65494,0.019270,1st improv 2opt,63231,0.061164,25,1562094631,3.868154,ql,3.868152,3.868129,39,64946.230769,39
instances/medium/pcb1173.tsp,1173,Random Double-sided nearest neighbor (RDSNN),63612,0.019358,1st improv 2opt,63485,0.060474,25,1562095690,104.379075,ql,104.379075,104.379050,1059,64398.599622,1059
instances/medium/pcb1173.tsp,1173,Random Double-sided nearest neighbor (RDSNN),63733,0.019313,1st improv 2opt,63612,0.063426,25,1562097212,150.072775,ql,150.072774,106.112923,1076,64521.417871,1522
instances/medium/pcb1173.tsp,1173,Random Double-sided nearest neighbor (RDSNN),63785,0.019223,1st improv 2opt,63208,0.062805,25,1562097836,61.424152,ql,61.424150,61.424147,624,64490.750000,624
instances/medium/pcb1173.tsp,1173,Random Double-sided nearest neighbor (RDSNN),65516,0.018995,1st improv 2opt,63434,0.060748,25,1562098496,65.042458,ql,65.042456,65.042453,660,64300.434848,660
instances/medium/pcb1173.tsp,1173,Random Double-sided nearest neighbor (RDSNN),63739,0.018754,1st improv 2opt,63458,0.060190,25,1562098849,34.878383,ql,34.878381,34.878358,353,64713.691218,353
instances/medium/pcb1173.tsp,1173,Random Double-sided nearest neighbor (RDSNN),66675,0.019159,1st improv 2opt,63254,0.059292,25,1562099659,79.934032,ql,79.934031,79.934028,810,64360.698765,810
instances/medium/pcb1173.tsp,1173,Random Double-sided nearest neighbor (RDSNN),63609,0.019380,1st improv 2opt,63193,0.059871,25,1562100087,42.290463,ql,42.290461,42.290459,428,64114.352804,428
instances/medium/pcb1173.tsp,1173,Random Double-sided nearest neighbor (RDSNN),63583,0.018900,1st improv 2opt,63451,0.065564,25,1562100783,68.663641,ql,68.663639,68.663615,696,64207.380747,696
instances/medium/pcb1173.tsp,1173,Random Double-sided nearest neighbor (RDSNN),63510,0.018763,1st improv 2opt,63461,0.059921,25,1562102046,124.629946,ql,124.629946,124.629921,1263,64411.179731,1263
instances/medium/pcb1173.tsp,1173,Random Double-sided nearest neighbor (RDSNN),63901,0.019241,1st improv 2opt,63477,0.059245,25,1562102059,1.266884,ql,1.266883,1.266880,13,65175.153846,13
instances/medium/pcb1173.tsp,1173,Random Double-sided nearest neighbor (RDSNN),63605,0.019496,1st improv 2opt,63329,0.061558,25,1562102214,15.359217,ql,15.359215,15.359212,155,64737.606452,155
instances/medium/pcb1173.tsp,1173,Random Double-sided nearest neighbor (RDSNN),63491,0.019716,1st improv 2opt,63486,0.060442,25,1562102801,57.989147,ql,57.989146,57.989123,587,64121.787053,587
instances/medium/pcb1173.tsp,1173,Random Double-sided nearest neighbor (RDSNN),63587,0.019464,1st improv 2opt,63510,0.058241,25,1562104320,150.038419,ql,150.038418,67.852095,688,64426.564187,1519
instances/medium/pcb1173.tsp,1173,Random Double-sided nearest neighbor (RDSNN),64537,0.020184,1st improv 2opt,63212,0.060957,25,1562104552,22.880997,ql,22.880995,22.880993,232,64462.181034,232
instances/medium/pcb1173.tsp,1173,Random Double-sided nearest neighbor (RDSNN),64351,0.019940,1st improv 2opt,63231,0.057899,25,1562104873,31.628042,ql,31.628042,31.628038,321,64260.018692,321
instances/medium/pcb1173.tsp,1173,Random Double-sided nearest neighbor (RDSNN),64142,0.019469,1st improv 2opt,63479,0.063373,25,1562106241,134.945921,ql,134.945920,134.945916,1368,64227.866228,1368
instances/medium/pcb1173.tsp,1173,Random Double-sided nearest neighbor (RDSNN),63555,0.019582,1st improv 2opt,63426,0.063971,25,1562106922,67.244532,ql,67.244531,67.244507,681,64159.599119,681
instances/medium/pcb1173.tsp,1173,Random Double-sided nearest neighbor (RDSNN),63692,0.019298,1st improv 2opt,63370,0.063513,25,1562107259,33.288356,ql,33.288355,33.288351,337,64561.023739,337
instances/medium/pcb1173.tsp,1173,Random Double-sided nearest neighbor (RDSNN),65686,0.019510,1st improv 2opt,63456,0.059901,25,1562107568,30.570906,ql,30.570904,30.570902,309,64330.184466,309
instances/medium/pcb1173.tsp,1173,Random Double-sided nearest neighbor (RDSNN),63529,0.019564,1st improv 2opt,63487,0.062649,25,1562108002,42.888505,ql,42.888503,42.888479,434,64034.493088,434
instances/medium/pcb1173.tsp,1173,Random Double-sided nearest neighbor (RDSNN),63648,0.019273,1st improv 2opt,63377,0.061856,25,1562108657,64.571850,ql,64.571849,64.571846,655,64401.691603,655
instances/medium/pcb1173.tsp,1173,Random Double-sided nearest neighbor (RDSNN),63777,0.019383,1st improv 2opt,63469,0.061660,25,1562109472,80.571362,ql,80.571362,80.571358,815,64352.349693,815
instances/medium/pcb1173.tsp,1173,Random Double-sided nearest neighbor (RDSNN),63735,0.019374,1st improv 2opt,63550,0.059116,25,1562110988,150.098174,ql,150.098173,113.270421,1144,64317.420844,1516
instances/medium/pcb1173.tsp,1173,Random Double-sided nearest neighbor (RDSNN),63988,0.019175,1st improv 2opt,63347,0.057966,25,1562111061,7.173686,ql,7.173685,7.173661,73,65341.821918,73
instances/medium/pcb1173.tsp,1173,Random Double-sided nearest neighbor (RDSNN),63897,0.018910,1st improv 2opt,63196,0.059979,25,1562111284,21.984632,ql,21.984632,21.984609,223,64339.699552,223
instances/medium/pcb1173.tsp,1173,Random Double-sided nearest neighbor (RDSNN),64339,0.019327,1st improv 2opt,63797,0.061852,25,1562112804,150.054326,ql,150.054325,141.931258,1438,64689.725000,1520
instances/medium/pcb1173.tsp,1173,Random Double-sided nearest neighbor (RDSNN),63807,0.019569,1st improv 2opt,63454,0.062074,25,1562113032,22.506226,ql,22.506224,22.506190,228,63716.929825,228
instances/medium/pcb1173.tsp,1173,Random Double-sided nearest neighbor (RDSNN),63650,0.019515,1st improv 2opt,63483,0.059899,25,1562113474,43.630305,ql,43.630305,43.630281,442,63851.337104,442
instances/medium/pcb1173.tsp,1173,Random Double-sided nearest neighbor (RDSNN),63523,0.018977,1st improv 2opt,63439,0.059898,25,1562114358,87.277956,ql,87.277955,87.277932,884,64432.506787,884
instances/medium/pcb1173.tsp,1173,Random Double-sided nearest neighbor (RDSNN),63753,0.019447,1st improv 2opt,63569,0.061132,25,1562115877,150.086428,ql,150.086426,114.029978,1154,64515.996050,1519
instances/medium/pcb1173.tsp,1173,Random Double-sided nearest neighbor (RDSNN),66655,0.019535,1st improv 2opt,63120,0.069134,25,1562115880,0.286635,ql,0.286633,0.286631,3,64962.000000,3
instances/medium/pcb1173.tsp,1173,Random Double-sided nearest neighbor (RDSNN),66579,0.022508,1st improv 2opt,63377,0.064863,25,1562116589,70.045759,ql,70.045757,70.045755,709,63919.530324,709
instances/medium/pcb1173.tsp,1173,Random Double-sided nearest neighbor (RDSNN),63649,0.018823,1st improv 2opt,63469,0.059739,25,1562117375,77.653943,ql,77.653942,77.653919,786,64523.422392,786
instances/medium/pcb1173.tsp,1173,Random Double-sided nearest neighbor (RDSNN),63790,0.019255,1st improv 2opt,63204,0.066485,25,1562117518,14.131607,ql,14.131606,14.131582,143,64349.524476,143
instances/medium/pcb1173.tsp,1173,Random Double-sided nearest neighbor (RDSNN),63714,0.018896,1st improv 2opt,63354,0.062380,25,1562118954,141.884578,ql,141.884576,141.884572,1436,64660.158774,1436
instances/medium/pcb1173.tsp,1173,Random Double-sided nearest neighbor (RDSNN),63663,0.019095,1st improv 2opt,63383,0.061059,25,1562119165,20.887436,ql,20.887434,20.887431,211,64733.734597,211
instances/medium/pcb1173.tsp,1173,Random Double-sided nearest neighbor (RDSNN),63647,0.019126,1st improv 2opt,63424,0.061704,25,1562119658,48.746265,ql,48.746264,48.746238,493,64128.529412,493
instances/medium/pcb1173.tsp,1173,Random Double-sided nearest neighbor (RDSNN),63612,0.019308,1st improv 2opt,63429,0.059301,25,1562119666,0.767186,ql,0.767184,0.767182,8,65242.750000,8
instances/medium/pcb1173.tsp,1173,Random Double-sided nearest neighbor (RDSNN),64578,0.019693,1st improv 2opt,63250,0.059183,25,1562120161,48.918599,ql,48.918598,48.918577,495,64279.044444,495
instances/medium/pcb1173.tsp,1173,Random Double-sided nearest neighbor (RDSNN),63669,0.019571,1st improv 2opt,63472,0.066907,25,1562120327,16.471041,ql,16.471039,16.471016,166,63726.626506,166
instances/medium/pcb1173.tsp,1173,Random Double-sided nearest neighbor (RDSNN),63578,0.019231,1st improv 2opt,63536,0.062417,25,1562121848,150.093414,ql,150.093412,50.437082,511,64402.042078,1521
instances/medium/pcb1173.tsp,1173,Random Double-sided nearest neighbor (RDSNN),63688,0.018787,1st improv 2opt,63392,0.058281,25,1562122513,65.644405,ql,65.644403,65.644380,665,64177.736842,665